﻿SUBSCRIPTIONID,CANCELDATE,CANCELATIONREASON1,CANCELATIONREASON2,CANCELATIONREASON3
38499, 2022-03-27 , Expensive            , null                 , null                 
72882, 2023-01-01 , Not useful           , Went to a competitor , null                 
44467, 2022-05-19 , Went to a competitor , Expensive            , Bad customer service 
12622, 2022-02-01 , Not useful           , Went to a competitor , null                 
99332, 2023-07-08 , Not useful           , Went to a competitor , null                 
93330, 2023-02-03 , Expensive            , Bad customer service , null                 
