CUSTOMERID ,CUSTOMERNAME                             
44538, Big Star Collectibles                    
33222, H+ Sport                                 
28333, Nadias Garden                            
93888, Roux Academy                             
55533, Two Trees Olive Oil                      
76338, Hansel & Petal                           
29335, Binaryville Robots                       
33663, Orange Valley Community Arts Association 
38822, SAMOCA                                   
18226, Wisdom Pet Medicine                      
99402, Blue Sky Kites                           
11627, KinetEco Inc.                            
33667, Red30 Tech                               
38822, Landon Hotel                             
82772, Explore California                       
23561, Pixelford Photography                    
76338, Globe Bank International                 
