USERID,NAME,DEPARTMENT,EMAIL,CUSTOMERID,ADMINID
 U738   , Rebecca Turner  , Data Analytics , rturner27@google.co.uk ,76338, U429    
 U429   , Carol Shaw      , Data Analytics , cshaw2e@marriott.com   ,76338, U429    
 U192   , Ruby Morgan     , HR             , rmorgan1n@narod.ru     ,76338, U429    
 U837   , Annie Hansen    , Data Analytics , ahansen7@furl.net      ,38822, U172    
 U102   , Anne Alvarez    , Marketing      , aalvarez1y@mlb.com     ,38822, U172    
 U172   , Dorothy Kennedy , Data Analytics , dkennedy23@unblog.fr   ,38822, U172    
 U473   , Shawn Sanchez   , Strategy       , ssanchezy@utexas.edu   ,55533, U473    
